Species,Cultivar,Usage,Location,Method,CH,CU,CP,GDH,Reference
Apple,Almey,Crab,USA,E,842,,,,"Hauagge and Cummins, 1991"
Apple,Anna,Dessert,Egypt,E,253,233,,5731,"El-Agamy et al., 2000"
Apple,Anna,Dessert,Morocco,E,,,23,8290,"El Yaacoubi et al., 2016"
Apple,Anna,Dessert,USA,E,218,,,,"Hauagge and Cummins, 1991"
Apple,Anoka,Dessert,USA,E,1137,,,,"Hauagge and Cummins, 1991"
Apple,Aporo,Dessert,Spain,S,,,66.4,7416,"Funes et al., 2016"
Apple,Aporo,Dessert,Spain,S,,,37.8,9232,"Díez-Palet et al., 2019"
Apple,Arkad Zimnji,Dessert,USA,E,1134,,,,"Hauagge and Cummins, 1991"
Apple,Beacon,Dessert,USA,E,1122,,,,"Hauagge and Cummins, 1991"
Apple,Bellefleur Record,Dessert,USA,E,1145,,,,"Hauagge and Cummins, 1991"
Apple,Beverly Hills,Dessert,USA,E,1152,,,,"Hauagge and Cummins, 1991"
Apple,Blaimont,Dessert,USA,E,1082,,,,"Hauagge and Cummins, 1991"
Apple,Blanquina,Cider,Spain,E,855,1225,78.4,8438,"Delgado et al., 2021a"
Apple,Blanquina,Cider,Spain,S,847,1292,63.3,7940,"Delgado et al., 2021b"
Apple,Boskoop,Dessert,Belgium,S,,,59.2,4430,"Drepper et al., 2020"
Apple,Brookfield Gala,Dessert,Spain,S,,,62.5,9230,"Funes et al., 2016"
Apple,Brookfield Gala,Dessert,Spain,S,,,44.5,9501,"Díez-Palet et al., 2019"
Apple,Challenger,Dessert,Spain,S,,,43,8202,"Díez-Palet et al., 2019"
Apple,Chesnut Crab,Crab,USA,E,838,,,,"Hauagge and Cummins, 1991"
Apple,Chihuahua Gold,Dessert,USA,E,1156,,,,"Hauagge and Cummins, 1991"
Apple,Clara,Cider,Spain,S,842,1296,63.9,9921,"Delgado et al., 2021b"
Apple,Collaos,Cider,Spain,E,911,1304,84.6,10543,"Delgado et al., 2021a"
Apple,Collaos,Cider,Spain,S,818,1240,60.3,9585,"Delgado et al., 2021b"
Apple,Coloradona,Cider,Spain,S,815,1263,63.5,8909,"Delgado et al., 2021b"
Apple,Columbia Crab,Cider,USA,E,890,,,,"Hauagge and Cummins, 1991"
Apple,Cowichan,Crab,USA,E,1044,,,,"Hauagge and Cummins, 1991"
Apple,Cox Orange,Dessert,Belgium,S,,,79.6,4268,"Drepper et al., 2020"
Apple,Cripps Pink,Dessert,Australia,E,856,1242,73.3,,"Parkes et al., 2020"
Apple,Cripps Pink,Dessert,Australia,S,,,57,12330,"Darbyshire et al., 2015"
Apple,Cripps Red,Dessert,Australia,E,662,976,57,,"Parkes et al., 2020"
Apple,De la Riega,Cider,Spain,E,774,1162,72.2,11770,"Delgado et al., 2021a"
Apple,De la Riega,Cider,Spain,S,830,1260,61.3,8022,"Delgado et al., 2021b"
Apple,Delicious,Dessert,USA,E,1093,,,,"Hauagge and Cummins, 1991"
Apple,Democrat,Dessert,USA,E,1066,,,,"Hauagge and Cummins, 1991"
Apple,Dolgo,Crab,USA,E,966,,,,"Hauagge and Cummins, 1991"
Apple,Dorsett Golden,Dessert,Egypt,E,238,229,,5107,"El-Agamy et al., 2000"
Apple,Dorsett Golden,Dessert,USA,E,814,,,,"Hauagge and Cummins, 1991"
Apple,Early McIntosh,Dessert,USA,E,1182,,,,"Hauagge and Cummins, 1991"
Apple,Early Read One,Dessert,Spain,S,,,65.6,9025,"Funes et al., 2016"
Apple,Early Red One,Dessert,Spain,S,,,43.6,9349,"Díez-Palet et al., 2019"
Apple,Ecolette,Dessert,Italy,E,866,,46,,"Finetto, 2013"
Apple,Edgar,Unknown,USA,E,1127,,,,
Apple,Elstar,Dessert,Spain,E,674,1096,65.6,10649,"Delgado et al., 2021a"
Apple,Elstar,Dessert,Germany,E,,,50,5000,"Fernandez et al., 2020"
Apple,Elstar,Dessert,Germany,S,,,43,14845,"Fernandez et al., 2021"
Apple,Elstar,Dessert,USA,E,1027,,,,"Hauagge and Cummins, 1991"
Apple,Empire,Dessert,USA,E,1079,,,,"Hauagge and Cummins, 1991"
Apple,Eva,Dessert,Brazil,E,,,13,8082,"El Yaacoubi et al., 2016"
Apple,Freedom,Dessert,USA,E,1213,,,,"Hauagge and Cummins, 1991"
Apple,Fuji,Dessert,Australia,E,908,1307,77,,"Parkes et al., 2020"
Apple,Fuji,Dessert,Uruguay,E,637,450,,,
Apple,Fuji,Dessert,Brazil,E,,,24.5,7620,"El Yaacoubi et al., 2016"
Apple,Fuji,Dessert,USA,E,1077,,,,"Hauagge and Cummins, 1991"
Apple,Fuji Chofu 2,Dessert,Spain,S,,,64,9025,"Funes et al., 2016"
Apple,Fuji Chofu 2,Dessert,Spain,S,,,50.3,7471,"Díez-Palet et al., 2019"
Apple,Fuji Zhen,Dessert,Spain,S,,,54.4,8190,"Díez-Palet et al., 2019"
Apple,Gala,Dessert,Morocco,S,537,842,44.3,22402,"El Yaacoubi et al., 2020"
Apple,Gala,Dessert,Canada,E,973,875,,,
Apple,Gala,Dessert,France,E,,,58.3,8887,"El Yaacoubi et al., 2016"
Apple,Gala,Dessert,Morocco,E,,,61.2,5894,"El Yaacoubi et al., 2016"
Apple,Gala,Dessert,Brazil,E,,,25.6,7211,"El Yaacoubi et al., 2016"
Apple,Gala,Dessert,USA,E,1064,,,,"Hauagge and Cummins, 1991"
Apple,Galaxy,Dessert,Australia,E,893,1300,76.7,,"Parkes et al., 2020"
Apple,Gloster,Dessert,USA,E,1119,,,,"Hauagge and Cummins, 1991"
Apple,Gold Rush,Dessert,Italy,E,1014,,54,,"Finetto, 2013"
Apple,Golden Delicious,Dessert,Italy,E,1025,,52,,"Finetto, 2013"
Apple,Golden Delicious,Dessert,Non-specified,E,1200,,50,,"Erez, 2000"
Apple,Golden Delicious,Dessert,Belgium,S,,,59.8,4980,"Drepper et al., 2020"
Apple,Golden Delicious,Dessert,France,E,,,57.4,9964,"El Yaacoubi et al., 2016"
Apple,Golden Delicious,Dessert,Morocco,E,,,64.2,6865,"El Yaacoubi et al., 2016"
Apple,Golden Delicious,Dessert,USA,E,1050,,,,"Hauagge and Cummins, 1991"
Apple,Golden Gem,Dessert,USA,E,998,,,,"Hauagge and Cummins, 1991"
Apple,Golden Reinders,Dessert,Spain,S,,,68.4,10273,"Funes et al., 2016"
Apple,Golden Reinders,Dessert,Spain,S,,,42.4,9239,"Díez-Palet et al., 2019"
Apple,Golden Smoothee,Dessert,Spain,S,,,65,10145,"Funes et al., 2016"
Apple,Golden Smoothee,Dessert,Spain,S,,,42.8,9690,"Díez-Palet et al., 2019"
Apple,Governor Carr,Unknown,USA,E,901,,,,
Apple,Granny Smith,Dessert,Spain,S,,,63.9,8930,"Funes et al., 2016"
Apple,Granny Smith,Dessert,Spain,S,,,45.6,8813,"Díez-Palet et al., 2019"
Apple,Granny Smith,Dessert,Australia,E,852,1239,72.2,,"Parkes et al., 2020"
Apple,Granny Smith,Dessert,Spain,E,614,1006,59.3,13174,"Delgado et al., 2021a"
Apple,Granny Smith,Dessert,Uruguay,E,583,388,,,
Apple,Granny Smith,Dessert,France,E,,,43.5,10891,"El Yaacoubi et al., 2016"
Apple,Granny Smith,Dessert,USA,E,1049,,,,"Hauagge and Cummins, 1991"
Apple,Gravenstein,Dessert,USA,E,1118,,,,"Hauagge and Cummins, 1991"
Apple,Hana,Dessert,Italy,E,847,,43,,"Finetto, 2013"
Apple,Hi Early,Dessert,Australia,E,908,1307,77,,"Parkes et al., 2020"
Apple,Honeygold,Dessert,USA,E,1018,,,,"Hauagge and Cummins, 1991"
Apple,Hume,Dessert,USA,E,1035,,,,"Hauagge and Cummins, 1991"
Apple,Hyslop,Dessert,USA,E,1020,,,,"Hauagge and Cummins, 1991"
Apple,Idared,Dessert,USA,E,1017,,,,"Hauagge and Cummins, 1991"
Apple,Ikorocavka Alaja,Dessert,USA,E,1019,,,,"Hauagge and Cummins, 1991"
Apple,Jeromine,Dessert,Spain,S,,,43,8349,"Díez-Palet et al., 2019"
Apple,Jerseymac,Dessert,USA,E,1120,,,,"Hauagge and Cummins, 1991"
Apple,Joan,Unknown,USA,E,1001,,,,
Apple,Jonagold,Dessert,Belgium,S,,,60.7,4644,"Drepper et al., 2020"
Apple,Jonalicious,Dessert,USA,E,1174,,,,"Hauagge and Cummins, 1991"
Apple,Jonamac,Dessert,USA,E,,,,,"Hauagge and Cummins, 1991"
Apple,Julia,Dessert,Italy,E,775,,41,,"Finetto, 2013"
Apple,June Wealthy,Dessert,USA,E,978,,,,"Hauagge and Cummins, 1991"
Apple,Kalei,Dessert,Australia,E,883,1275,75.5,,"Parkes et al., 2020"
Apple,Kerr,Crab,USA,E,919,,,,"Hauagge and Cummins, 1991"
Apple,Khashabi,Unknown,USA,E,694,,,,
Apple,King Kole,Unknown,USA,E,960,,,,
Apple,Lennoxville,Unknown,USA,E,792,,,,
Apple,Leyda,Unknown,USA,E,1009,,,,
Apple,Liberty,Dessert,USA,E,1053,,,,"Hauagge and Cummins, 1991"
Apple,Limón Montés,Cider,Spain,E,904,1296,84,11249,"Delgado et al., 2021a"
Apple,Malling 26,Rootstock,USA,E,1190,,,6138,"Young and Werner, 1985"
Apple,Malling 7,Rootstock,USA,E,590,,,4278,"Young and Werner, 1985"
Apple,Malling 9,Rootstock,USA,E,1190,,,4836,"Young and Werner, 1985"
Apple,Malling 7,Rootstock,USA,E,1151,,,,"Hauagge and Cummins, 1991"
Apple,Malling 9,Rootstock,USA,E,1026,,,,"Hauagge and Cummins, 1991"
Apple,Malling-Merton 106,Rootstock,USA,E,1246,,,,"Hauagge and Cummins, 1991"
Apple,Malling-Merton 106,Rootstock,USA,E,1120,,,4929,"Young and Werner, 1985"
Apple,Malling-Merton 111,Rootstock,USA,E,1419,,,,"Hauagge and Cummins, 1991"
Apple,Malling-Merton 111,Rootstock,USA,E,1140,,,5766,"Young and Werner, 1985"
Apple,Manchurian,Dessert,Australia,E,724,1031,61,,"Parkes et al., 2020"
Apple,Maribor,Unknown,USA,E,1067,,,,
Apple,Marin Oufroy,Cider,USA,E,1423,,,,"Hauagge and Cummins, 1991"
Apple,McIntosh,Dessert,USA,E,1086,,,,"Hauagge and Cummins, 1991"
Apple,McLicious,Dessert,USA,E,1090,,,,"Hauagge and Cummins, 1991"
Apple,Medina,Unknown,USA,E,998,,,,
Apple,Melba,Dessert,USA,E,1099,,,,"Hauagge and Cummins, 1991"
Apple,Melodie,Dessert,Italy,E,1103,,58,,"Finetto, 2013"
Apple,Melrose,Dessert,USA,E,1063,,,,"Hauagge and Cummins, 1991"
Apple,Milton,Dessert,USA,E,1160,,,,"Hauagge and Cummins, 1991"
Apple,Minjon,Unknown,USA,E,1290,,,,
Apple,Minkler,Cider,USA,E,997,,,,"Hauagge and Cummins, 1991"
Apple,Northern Spy,Dessert,USA,E,1228,,,,"Hauagge and Cummins, 1991"
Apple,Oporto,Unknown,USA,E,1123,,,,
Apple,Orleans,Dessert,USA,E,1075,,,,"Hauagge and Cummins, 1991"
Apple,Ottawa 7,Unknown,USA,E,854,,,,
Apple,Perezosa,Cider,Spain,S,826,1267,64.4,7326,"Delgado et al., 2021b"
Apple,Perico,Cider,Spain,E,891,1273,82.5,11375,"Delgado et al., 2021a"
Apple,Perico,Cider,Spain,S,1005,1495,72.7,10156,"Delgado et al., 2021b"
Apple,Pink Lady,Dessert,Spain,S,,,37.8,8065,"Díez-Palet et al., 2019"
Apple,Prima,Dessert,USA,E,1072,,,,"Hauagge and Cummins, 1991"
Apple,Priscilla,Dessert,USA,E,1057,,,,"Hauagge and Cummins, 1991"
Apple,Raxao,Cider,Spain,S,1005,1495,72.7,11111,"Delgado et al., 2021b"
Apple,Red Chief,Dessert,Spain,S,,,66.4,9076,"Funes et al., 2016"
Apple,Red Chief,Dessert,Spain,S,,,40.2,7767,"Díez-Palet et al., 2019"
Apple,Red Chief,Dessert,Uruguay,E,668,406,,,
Apple,Red Crimson Beauty,Dessert,USA,E,962,,,,"Hauagge and Cummins, 1991"
Apple,Red Falls,Dessert,USA,E,1185,,,,"Hauagge and Cummins, 1991"
Apple,Redford,Unknown,USA,E,1054,,,,
Apple,Redfree,Dessert,USA,E,1148,,,,"Hauagge and Cummins, 1991"
Apple,Regona,Cider,Spain,E,982,1351,90.2,6512,"Delgado et al., 2021a"
Apple,Rome Beauty,Dessert,USA,E,1163,,,,"Hauagge and Cummins, 1991"
Apple,Rosedale,Crab,USA,E,790,,,,"Hauagge and Cummins, 1991"
Apple,Royal Gala,Dessert,Uruguay,E,667,456,,,
Apple,RS103-110,Dessert,Australia,E,838,1186,70.8,,"Parkes et al., 2020"
Apple,Rubinola,Dessert,Italy,E,898,,47,,"Finetto, 2013"
Apple,Solarina,Cider,Spain,E,921,1311,85.2,7897,"Delgado et al., 2021a"
Apple,Spartan,Dessert,USA,E,1117,,,,"Hauagge and Cummins, 1991"
Apple,Starking Delicious,Dessert,United States,S,1234,,,6993,"Ashcroft et al., 1977"
Apple,Starking Delicious,Dessert,India,S,1208,,,8893,"Mankotia et al., 2004"
Apple,Summerred,Dessert,USA,E,999,,,,"Hauagge and Cummins, 1991"
Apple,Tasty,Unknown,USA,E,1020,,,,
Apple,Teorica,Cider,Spain,S,833,1266,61.7,8646,"Delgado et al., 2021b"
Apple,Toba,Unknown,USA,E,1194,,,,
Apple,Topaz,Dessert,Italy,E,1006,,52,,"Finetto, 2013"
Apple,Transcendent,Crab,USA,E,893,,,,"Hauagge and Cummins, 1991"
Apple,Verdialona,Cider,Spain,S,789,1213,59.4,11917,"Delgado et al., 2021b"
Apple,Vienna,Unknown,USA,E,915,,,,
Apple,Viking,Dessert,USA,E,1082,,,,"Hauagge and Cummins, 1991"
Apple,Vista Bella,Dessert,USA,E,968,,,,"Hauagge and Cummins, 1991"
Apple,Wealthy,Dessert,USA,E,1169,,,,"Hauagge and Cummins, 1991"
Apple,Wellington,Dessert,USA,E,965,,,,"Hauagge and Cummins, 1991"
Apple,Winter Banana,Dessert,USA,E,1088,,,,"Hauagge and Cummins, 1991"
Apple,Wolf River,Dessert,USA,E,1217,,,,"Hauagge and Cummins, 1991"
Apple,Xuanina,Cider,Spain,E,855,1239,79.9,9690,"Delgado et al., 2021a"
Apple,Xuanina,Cider,Spain,S,836,1278,62.6,9570,"Delgado et al., 2021b"
Sweet Cherry,Schneiders,,Germany,S,1375,1410,68.6,3473,Luedeling et al. 2013
Sweet Cherry,Cristobalina,,Spain,E,176,397,30.4,9195,Albuquerque et al. 2008
Sweet Cherry,Brooks,,Spain,E,411.5,556,36.7,7836.2,Albuquerque et al. 2009
Sweet Cherry,Ruby,,Spain,E,618,806,48,7362,Albuquerque et al. 2010
Sweet Cherry,Somerset,,Spain,E,618,806,48,8625.2,Albuquerque et al. 2011
Sweet Cherry,Burlat,,Spain,E,618,806,48,8750.2,Albuquerque et al. 2012
Sweet Cherry,New Star,,Spain,E,709.5,909.3,63.5,8257,Albuquerque et al. 2013
Sweet Cherry,Marvin,,Spain,E,788,1001,57.6,9449.7,Albuquerque et al. 2014
Sweet Cherry,Cristobalina,,Spain,S,395,570,26.1,5473,"Fadón et al., 2023"
Sweet Cherry,Ramón Oliva,,Spain,S,672,949,46.5,6872,"Fadón et al., 2024"
Sweet Cherry,Pico Negro,,Spain,S,788,1086,53.6,7140,"Fadón et al., 2025"
Sweet Cherry,Ambrunes,,Spain,S,788,1086,53.6,7004,"Fadón et al., 2026"
Sweet Cherry,Pico Colorado,,Spain,S,672,949,46.5,7365,"Fadón et al., 2027"
Sweet Cherry,Taleguera Brillante,,Spain,S,881,1211,58.8,8030,"Fadón et al., 2028"
Sweet Cherry,Blanca de Provenza,,Spain,S,910,1250,60.2,6457,"Fadón et al., 2029"
Sweet Cherry,Ambrunés,,Spain,E,1050,,,,Tabuenca et al. 1984
Sweet Cherry,Bing,,Spain,E,1050,,,,Tabuenca et al. 1984
Sweet Cherry,Bing,,Spain,E,,1083,,,Fadón et al. 2018
Sweet Cherry,Brooks,,Spain,E,411.5,556,36.7,7863.2,Albuquerque et al. 2008
Sweet Cherry,Burlat,,Spain,E,950,,,,Tabuenca et al. 1984
Sweet Cherry,Burlat,,Spain,E,618,806,48,8750.2,Albuquerque et al. 2008
Sweet Cherry,Burlat,,Spain,E,,981,,,Fadón et al. 2018
Sweet Cherry,Burlat,,Spain,E,,,86,,Campoy et al. 2019
Sweet Cherry,Cherovina,,Spain,E,950,,,,Tabuenca et al. 1984
Sweet Cherry,Cristobalina,,Spain,E,800,,,,Tabuenca et al. 1984
Sweet Cherry,Cristobalina,,Spain,E,176,397,30.4,9195,Albuquerque et al. 2008
Sweet Cherry,Cristobalina,,Spain,E,,687,,,Fadón et al. 2018
Sweet Cherry,Cristobalina,,Spain,E,,,29,,Campoy et al. 2019
Sweet Cherry,Daiber,,Spain,E,1050,,,,Tabuenca et al. 1984
Sweet Cherry,Earlise,,Spain,E,,981,,,Fadón et al. 2018
Sweet Cherry,Early Rivers,,Spain,E,850,,,,Tabuenca et al. 1984
Sweet Cherry,Fertard,,Spain,E,,,101,,Campoy et al. 2019
Sweet Cherry,Garrafal de Lérida,,Spain,E,1100,,,,Tabuenca et al. 1984
Sweet Cherry,Guillaume,,Spain,E,1050,,,,Tabuenca et al. 1984
Sweet Cherry,Hedelfingen,,Spain,E,1100,,,,Tabuenca et al. 1984
Sweet Cherry,Jaboulay,,Spain,E,1050,,,,Tabuenca et al. 1984
Sweet Cherry,Jarandilla,,Spain,E,1100,,,,Tabuenca et al. 1984
Sweet Cherry,Kordia,,Turkey,E,775,150,,14000,Kuden et al. 2012
Sweet Cherry,Lambert,,Spain,E,1100,,,,Tabuenca et al. 1984
Sweet Cherry,Lampé (Ramillete),,Spain,E,950,,,,Tabuenca et al. 1984
Sweet Cherry,Lapins,,Turkey,E,425,94,,15550,Kuden et al. 2012
Sweet Cherry,Larian,,Turkey,E,450,94,,15550,Kuden et al. 2012
Sweet Cherry,Marmotte,,Spain,E,1050,,,,Tabuenca et al. 1984
Sweet Cherry,Marvin,,Spain,E,788,1002,57.6,9450,Albuquerque et al. 2008
Sweet Cherry,Merton Glory,,Spain,E,950,,,,Tabuenca et al. 1984
Sweet Cherry,Mollar de cáceres,,Spain,E,950,,,,Tabuenca et al. 1984
Sweet Cherry,Moreau,,Spain,E,950,,,,Tabuenca et al. 1984
Sweet Cherry,Nafrina,,Turkey,E,525,120,,15250,Kuden et al. 2012
Sweet Cherry,Napoleón,,Spain,E,1100,,,,Tabuenca et al. 1984
Sweet Cherry,New Star,,Spain,E,709,909,53.5,8257,Albuquerque et al. 2008
Sweet Cherry,Noir de Guben,,Turkey,E,625,110,,14250,Kuden et al. 2012
Sweet Cherry,Pico Colorado,,Spain,E,1050,,,,Tabuenca et al. 1984
Sweet Cherry,Producta,,Spain,E,1050,,,,Tabuenca et al. 1984
Sweet Cherry,Ramón Oliva,,Spain,E,950,,,,Tabuenca et al. 1984
Sweet Cherry,Regina,,Spain,E,,,86,,Campoy et al. 2019
Sweet Cherry,Reverchon,,Spain,E,1050,,,,Tabuenca et al. 1984
Sweet Cherry,Ripolla,,Spain,E,850,,,,Tabuenca et al. 1984
Sweet Cherry,Ruby,,Spain,E,618,806,48,7326,Albuquerque et al. 2008
Sweet Cherry,Somerset,,Spain,E,618,806,48,8625.2,Albuquerque et al. 2008
Sweet Cherry,Schneiders,,Germany,S,698,794,45.7,3473,Luedeling et al. 2013
Sweet Cherry,Skeena,,Spain,E,,1559,,,Fadón et al. 2018
Sweet Cherry,Stark Hardy Giant,,Spain,E,1050,,,,Tabuenca et al. 1984
Sweet Cherry,Summit,,Turkey,E,650,125,,15000,Kuden et al. 2012
Sweet Cherry,Sunburst,,Turkey,E,675,141,,14250,Kuden et al. 2012
Sweet Cherry,Taleguera Brillante,,Spain,E,1050,,,,Tabuenca et al. 1984
Sweet Cherry,Temprana de Sot,,Spain,E,1050,,,,Tabuenca et al. 1984
Sweet Cherry,Tigré,,Spain,E,950,,,,Tabuenca et al. 1984
Sweet Cherry,Van,,Spain,E,950,,,,Tabuenca et al. 1985
Sweet Cherry,Vernon,,Spain,E,950,,,,Tabuenca et al. 1986
Sweet Cherry,Vignola,,Spain,E,1100,,,,Tabuenca et al. 1987
Sweet Cherry,Villareta,,Spain,E,950,,,,Tabuenca et al. 1988
Sweet Cherry,0900 Ziraat,,Turkey,E,625,134,,15550,Kuden et al. 2012
Sour Cherry,Montmorency,,USA,S,,954,,6130,Anderson et al. 1986
Japanese Plum,Angeleno,,Spain,E,440.5,764.5,44.9,7740,[31]
Japanese Plum,Apex,,Spain,E,582,,,,[91]
Japanese Plum,Black Diamond,,Spain,E,410.5,690,42.9,7531,[31]
Japanese Plum,Black Splendor,,Spain,E,268.5,521,30.15,6224.5,[31]
Japanese Plum,Burbank,,Spain,E,582,,,,[91]
Japanese Plum,Formosa,,Spain,E,582,,,,[91]
Japanese Plum,Fortune,,Spain,E,441.5,759.5,43.2,7593.5,[31]
Japanese Plum,Golden Globe,,Spain,E,579,962.5,54.15,8225.5,[31]
Japanese Plum,Golden Japan,,Spain,E,202.5,,,,[91]
Japanese Plum,Golden Japan,,Spain,E,419,765,43.75,7397,[31]
Japanese Plum,Laetitia,,Spain,E,445,789.5,45.9,7957,[31]
Japanese Plum,Methley,,Spain,E,178.5,,,,[91]
Japanese Plum,Pioneer,,Spain,E,206,327.5,23,5990.5,[31]
Japanese Plum,Red Beauty,,Spain,E,317,594,35.8,6955,[31]
Japanese Plum,Santa Rosa,,Spain,E,499.5,,,,[91]
Japanese Plum,Santa Rosa,,Spain,E,447.5,789.5,46.95,7845,[31]
Japanese Plum,Songold,,Spain,E,595.5,987.5,60.75,9311,[31]
Japanese Plum,Wickson,,Spain,E,486,,,,[91]
Japanese apricot,67,,China,E,,,69,994,"Zhuang et al., 2016"
Japanese apricot,Baijiahe,,China,E,,,59,1316,"Zhuang et al., 2016"
Japanese apricot,Changnong17,,China,E,,,69,994,"Zhuang et al., 2016"
Japanese apricot,Dabaimei,,China,E,,,56,1669,"Zhuang et al., 2016"
Japanese apricot,Dali,,China,E,,,40,1192,"Zhuang et al., 2016"
Japanese apricot,Danfenghou,,China,E,,,73,2054,"Zhuang et al., 2016"
Japanese apricot,Daqiandi,,China,E,,,66.5,1096,"Zhuang et al., 2016"
Japanese apricot,Daroumei,,China,E,,,38.5,1100,"Zhuang et al., 2016"
Japanese apricot,Dayezhugan,,China,E,,,73,1651,"Zhuang et al., 2016"
Japanese apricot,Dayu,,China,E,,,69,822,"Zhuang et al., 2016"
Japanese apricot,Dongqing,,China,E,875,1054,58,1018,"Gao et al., 2012"
Japanese apricot,Dongshanlimei,,China,E,,,50,1250,"Zhuang et al., 2016"
Japanese apricot,Ellching,,Japan,E,300,,,,"Yamane et al., 2006"
Japanese apricot,Fenghou,,China,E,1148,1323,73,1697,"Gao et al., 2012"
Japanese apricot,Fenghualimei,,China,E,,,56,1533,"Zhuang et al., 2016"
Japanese apricot,Gaotianfenghou,,China,E,,,73,2054,"Zhuang et al., 2016"
Japanese apricot,Gaotiangmei,,China,E,,,64.5,1099,"Zhuang et al., 2016"
Japanese apricot,Guangdonghuangpi,,China,E,,,40,1192,"Zhuang et al., 2016"
Japanese apricot,Gucheng,,China,E,,,59,1383,"Zhuang et al., 2016"
Japanese apricot,Hangzhoubaimei,,China,E,,,60,1231,"Zhuang et al., 2016"
Japanese apricot,Henghe,,China,E,,,34,1287,"Zhuang et al., 2016"
Japanese apricot,Hongding,,China,E,,,69,860,"Zhuang et al., 2016"
Japanese apricot,Hongmei,,China,E,,,73,1835,"Zhuang et al., 2016"
Japanese apricot,Hongnong,,China,E,,,75,1675,"Zhuang et al., 2016"
Japanese apricot,Huangxiaoda,,China,E,,,56,1533,"Zhuang et al., 2016"
Japanese apricot,Huaxiangshi,,China,E,,,33.5,1072,"Zhuang et al., 2016"
Japanese apricot,Jiazhouxiaomei,,China,E,,,69,1733,"Zhuang et al., 2016"
Japanese apricot,Jiazhouzuixiao,,China,E,,,62,1116,"Zhuang et al., 2016"
Japanese apricot,Jietianmei,,China,E,,,77,2378,"Zhuang et al., 2016"
Japanese apricot,Jiuzhongmei,,China,E,,,66.5,1096,"Zhuang et al., 2016"
Japanese apricot,Lizimei,,China,E,,,69,977,"Zhuang et al., 2016"
Japanese apricot,Longyan,,China,E,,,73,1835,"Zhuang et al., 2016"
Japanese apricot,Lve,,China,E,,,29,1268,"Zhuang et al., 2016"
Japanese apricot,Nanhong,,China,E,,,50,1583,"Zhuang et al., 2016"
Japanese apricot,Nanko,,Japan,E,500,,,,"Yamane et al., 2006"
Japanese apricot,Pinzhimei,,China,E,,,73,1835,"Zhuang et al., 2016"
Japanese apricot,Qijiangxingmei,,China,E,,,56,1533,"Zhuang et al., 2016"
Japanese apricot,Qingjia2,,China,E,,,75,1675,"Zhuang et al., 2016"
Japanese apricot,Qixingmei,,China,E,,,60,1232,"Zhuang et al., 2016"
Japanese apricot,Ruantiaohongmei,,China,E,,,73,1835,"Zhuang et al., 2016"
Japanese apricot,Shuangshuidaroumei,,China,E,239,479,26,1235,"Gao et al., 2012"
Japanese apricot,Shuangtaomei,,China,E,,,36.5,1079,"Zhuang et al., 2016"
Japanese apricot,Sichuangbaimei,,China,E,,,60,1231,"Zhuang et al., 2016"
Japanese apricot,Sichuanghuangmei,,China,E,,,60,1231,"Zhuang et al., 2016"
Japanese apricot,Sichuangqingmei,,China,E,,,78.5,2378,"Zhuang et al., 2016"
Japanese apricot,Siyuemei,,China,E,,,60,1231,"Zhuang et al., 2016"
Japanese apricot,Taihu1,,China,E,,,69,977,"Zhuang et al., 2016"
Japanese apricot,Taihu3,,China,E,,,50,1575,"Zhuang et al., 2016"
Japanese apricot,Taoxingmei,,China,E,332,567,32,110,"Gao et al., 2012"
Japanese apricot,Tengwulang,,China,E,,,78.5,2378,"Zhuang et al., 2016"
Japanese apricot,Tonglv,,China,E,,,73,1835,"Zhuang et al., 2016"
Japanese apricot,Touguhong,,China,E,,,62,986,"Zhuang et al., 2016"
Japanese apricot,Wanhong,,China,E,,,73,1835,"Zhuang et al., 2016"
Japanese apricot,Weishanzhong,,China,E,,,50,1574,"Zhuang et al., 2016"
Japanese apricot,Xianmimei,,China,E,,,40,1205,"Zhuang et al., 2016"
Japanese apricot,Xiaomei,,China,E,,,50,1369,"Zhuang et al., 2016"
Japanese apricot,Xiaoougongfen,,China,E,,,42.5,1037,"Zhuang et al., 2016"
Japanese apricot,Xiaoqing,,China,E,,,73,1432,"Zhuang et al., 2016"
Japanese apricot,Xiaoyezhugan,,China,E,,,56,1533,"Zhuang et al., 2016"
Japanese apricot,Xingnongxiaomei,,China,E,,,62,1116,"Zhuang et al., 2016"
Japanese apricot,Xiyeqing,,China,E,828,1040,64,1179,"Gao et al., 2012"
Japanese apricot,Xuemei,,China,E,,,69,1405,"Zhuang et al., 2016"
Japanese apricot,Yanglao1,,China,E,,,59,1530,"Zhuang et al., 2016"
Japanese apricot,Yanglao2,,China,E,,,34,1297,"Zhuang et al., 2016"
Japanese apricot,Yanglao3,,China,E,,,56,1669,"Zhuang et al., 2016"
Japanese apricot,Yanhua,,China,E,1141,1321,76,1250,"Gao et al., 2012"
Japanese apricot,Yanzhimei,,China,E,,,69,977,"Zhuang et al., 2016"
Japanese apricot,Yeliqing,,China,E,,,69,994,"Zhuang et al., 2016"
Japanese apricot,Yingsu,,China,E,,,59,1463,"Zhuang et al., 2016"
Japanese apricot,Yinnafenghou,,China,E,,,73,2054,"Zhuang et al., 2016"
Japanese apricot,Yueshijie,,China,E,,,62,1116,"Zhuang et al., 2016"
Japanese apricot,Yunnanxingmei,,China,E,,,73,1835,"Zhuang et al., 2016"
Japanese apricot,Yuying,,China,E,,,62,1116,"Zhuang et al., 2016"
Japanese apricot,Zaohong,,China,E,,,50,1583,"Zhuang et al., 2016"
Japanese apricot,Zaohua,,China,E,,,56,1403,"Zhuang et al., 2016"
Japanese apricot,Zhizhimei,,China,E,,,69,1069,"Zhuang et al., 2016"
Japanese apricot,Zhonghong,,China,E,,,53,1542,"Zhuang et al., 2016"
Apricot,Abricot Pêche 1708 A.D.,,Spain,E,1060,,,,"Tabuenca, 1968"
Apricot,Alessandrino,,Italy,E,,1070,,3825,"Guerriero et al., 2006"
Apricot,Amabile Vecchioni,,Italy,E,,1140,,2950,"Guerriero et al., 2006"
Apricot,Amoscatelado,,Spain,E,759,,,,"Tabuenca, 1968"
Apricot,Asgarabad,,Iran,E,710,652,,3465,"Razavi et al., 2011"
Apricot,Aurora,,Italy,E,,1140,,2750,"Guerriero et al., 2006"
Apricot,Aurora,,Italy,E,1237,1296,,2651,"Valentini et al., 2006"
Apricot,Baracca,,Italy,E,,1070,,4680,"Guerriero et al., 2006"
Apricot,Bebeco,,Italy,E,,1078,,3775,"Guerriero et al., 2006"
Apricot,Bergeron,,Italy,E,,1225,,4300,"Guerriero et al., 2006"
Apricot,Bergeron,,Spain,E,699,1176,64.8,4526,"Ruiz et al., 2007"
Apricot,Bergeron,,Spain,E,762,1134,61.7,5150,"Campoy et al., 2012"
Apricot,Bergeron,,Serbia,E,,1173,,,"Ruml et al., 2018"
Apricot,Blanc Rose,,Spain,E,1145,,,,"Tabuenca, 1968"
Apricot,Búlida,,Spain,E,1050,,,,"Tabuenca, 1964"
Apricot,Búlida,,Spain,E,967,,,,"Tabuenca, 1968"
Apricot,Búlida,,Spain,E,996,,,,"Tabuenca, 1968"
Apricot,Búlida,,Spain,E,878,,,,"Tabuenca, 1968"
Apricot,Búlida,,Spain,E,1133,1296,,,"Tabuenca, 1979"
Apricot,Búlida,,Spain,E,560,968,53.8,5146,"Ruiz et al., 2007"
Apricot,Búlida,,Spain,E,708,1048,56.4,5294,"Campoy et al., 2012"
Apricot,Cafona,,Italy,E,,1200,,3433,"Garcia et al., 1997"
Apricot,Cafona,,Spain,E,,1170,,4150,"Garcia et al., 1997"
Apricot,Canino,,Spain,E,833,,,,"Tabuenca, 1968"
Apricot,Canino,,Spain,E,775,,,,"Tabuenca, 1968"
Apricot,Canino,,Italy,E,,1167,,2782,"Garcia et al., 1997"
Apricot,Canino,,Spain,E,,1038,,4638,"Garcia et al., 1997"
Apricot,Canino,,Italy,E,,1030,,3275,"Guerriero et al., 2006"
Apricot,Canino,,Spain,E,532,806,45,5724,"Campoy et al., 2012"
Apricot,Canino,,South Africa,E,488,304,29.8,,"Campoy et al., 2012"
Apricot,Cegledy arany,,Serbia,E,,1216,,,"Ruml et al., 2018"
Apricot,Charisma,,South Africa,E,188,290,31.7,,"Campoy et al., 2012"
Apricot,Comice de Toulon,,Spain,E,842,,,,"Tabuenca, 1968"
Apricot,Currot,,Spain,E,431,,,,"Tabuenca, 1968"
Apricot,Currot,,Spain,E,267,596,34.3,5879,"Ruiz et al., 2007"
Apricot,Currot,,Italy,E,,621,40.4,1847,"Viti et al., 2010"
Apricot,Currot,,Spain,E,,634,38.8,2641,"Viti et al., 2010"
Apricot,Currot,,Italy,E,,698,,,"Andreini et al., 2012"
Apricot,Currot,,Spain,E,409,642,37.8,5774,"Campoy et al., 2012"
Apricot,D'Alessandria,,Italy,E,,1070,,4150,"Guerriero et al., 2006"
Apricot,Doctor Mascle,,Spain,E,652,,,,"Tabuenca, 1968"
Apricot,Dorada,,Spain,E,594,1007,56.2,5079,"Ruiz et al., 2007"
Apricot,Dorada,,Spain,E,720,1069,57.7,6189,"Campoy et al., 2012"
Apricot,Early Blush,,Italy,E,1407,,,2969,"Valentini et al., 2004"
Apricot,Galta Rocha,,Spain,E,482,,,,"Tabuenca, 1968"
Apricot,Giletano,,Spain,E,789,,,,"Tabuenca, 1968"
Apricot,Goldrich,,Italy,E,,990,,3950,"Guerriero et al., 2006"
Apricot,Goldrich,,Italy,E,,1084,65.2,699,"Viti et al., 2010"
Apricot,Goldrich,,Spain,E,,992,58.6,2749,"Viti et al., 2010"
Apricot,Goldrich,,Serbia,E,,840,,,"Ruml et al., 2018"
Apricot,Harcot,,Italy,E,,1403,,2628,"Garcia et al., 1997"
Apricot,Harcot,,Spain,E,,1293,,4543,"Garcia et al., 1997"
Apricot,Hatif de Sig,,Spain,E,939,,,,"Tabuenca, 1968"
Apricot,Hoja de Parra,,Spain,E,728,,,,"Tabuenca, 1968"
Apricot,Koiska,,Spain,E,1050,,,,"Tabuenca, 1964"
Apricot,Laycot,,Italy,E,1214,,,3533,"Valentini et al., 2004"
Apricot,Laycot,,Italy,E,1045,1157,,3367,"Valentini et al., 2006"
Apricot,Luizet,,Spain,E,1150,,,,"Tabuenca, 1964"
Apricot,Luizet,,Spain,E,1107,,,,"Tabuenca, 1968"
Apricot,Luizet,,Spain,E,1087,,,,"Tabuenca, 1968"
Apricot,Magyar kajski,,Serbia,E,,1216,,,"Ruml et al., 2018"
Apricot,Moniqui,,Spain,E,850,,,,"Tabuenca, 1964"
Apricot,Moniqui,,Spain,E,853,,,,"Tabuenca, 1968"
Apricot,Moniqui,,Spain,E,954,1139,,,"Tabuenca, 1979"
Apricot,Moniqui,,Italy,E,,1035,,3250,"Guerriero et al., 2006"
Apricot,Moongold,,USA,E,,910,,2712,"Bailey et al., 1977"
Apricot,Moonpark,,Spain,E,1090,,,,"Tabuenca, 1968"
Apricot,Murciana,,Spain,E,585,1009,55.9,4440,"Ruiz et al., 2007"
Apricot,Murciana,,Spain,E,690,1030,55.6,5392,"Campoy et al., 2012"
Apricot,Ninfa,,Serbia,E,,840,,,"Ruml et al., 2018"
Apricot,Orangered,,Italy,E,1587,,,3448,"Valentini et al., 2004"
Apricot,Orangered,,Italy,E,,1525,,2700,"Guerriero et al., 2006"
Apricot,Orangered,,Italy,E,1481,1467,,2895,"Valentini et al., 2006"
Apricot,Orangered,,Spain,E,738,1266,69.1,4362,"Ruiz et al., 2007"
Apricot,Orangered,,Italy,E,,902,55.5,2910,"Viti et al., 2010"
Apricot,Orangered,,Spain,E,,1146,67.2,1474,"Viti et al., 2010"
Apricot,Orangered,,Spain,E,777,1172,64.3,4916,"Campoy et al., 2012"
Apricot,Orangered,,South Africa,E,568,957,55.4,,"Campoy et al., 2012"
Apricot,Palsteyn,,South Africa,E,171,274,31.6,,"Campoy et al., 2012"
Apricot,Palsteyn,,Spain,E,413,631,37.1,6247,"Campoy et al., 2012"
Apricot,Patriarca de Hueso Dulce,,Spain,E,697,,,,"Tabuenca, 1968"
Apricot,Paviot,,Spain,E,1050,,,,"Tabuenca, 1964"
Apricot,Paviot,,Spain,E,1035,,,,"Tabuenca, 1968"
Apricot,Paviot,,Spain,E,1148,1318,,,"Tabuenca, 1979"
Apricot,Perfection,,USA,E,,844,,2593,"Bailey et al., 1977"
Apricot,Perla,,Spain,E,1090,,,,"Tabuenca, 1968"
Apricot,Phelps,,USA,E,,857,,2206,"Bailey et al., 1977"
Apricot,Pike,,USA,E,,895,,2753,"Bailey et al., 1977"
Apricot,Pisana,,Serbia,E,,1118,,,"Ruml et al., 2018"
Apricot,Polonais,,Spain,E,1087,,,,"Tabuenca, 1968"
Apricot,Polonais,,Italy,E,,1313,,2717,"Garcia et al., 1997"
Apricot,Polonais,,Spain,E,,1293,,4900,"Garcia et al., 1997"
Apricot,Polonais,,Italy,E,,1300,,2850,"Guerriero et al., 2006"
Apricot,Precoz de Colomer,,Spain,E,950,,,,"Tabuenca, 1964"
Apricot,Precoz de Colomer,,Italy,E,,1213,,2533,"Garcia et al., 1997"
Apricot,Precoz de Colomer,,Spain,E,,940,,3812,"Garcia et al., 1997"
Apricot,Priana,,Spain,E,,926,,2189,"Garcia et al., 1997"
Apricot,Rapareddu,,Italy,E,,1250,,2850,"Guerriero et al., 2006"
Apricot,Re Umberto,,Serbia,E,,1284,,,"Ruml et al., 2018"
Apricot,Rojo Pasión,,Spain,E,531,917,51.2,4670,"Ruiz et al., 2007"
Apricot,Rojo Pasión,,Spain,E,566,874,48.2,6078,"Campoy et al., 2012"
Apricot,Rouge de Rousillon,,Spain,E,978,,,,"Tabuenca, 1968"
Apricot,Royal,,USA,E,875,,,,"Brown and Kotob, 1957"
Apricot,Royal,,Spain,E,850,,,,"Tabuenca, 1964"
Apricot,Royal,,Spain,E,865,,,,"Tabuenca, 1968"
Apricot,San Castrese,,Italy,E,,1032,,2350,"Garcia et al., 1997"
Apricot,San Castrese,,Spain,E,,725,,4134,"Garcia et al., 1997"
Apricot,San Castrese,,Italy,E,1044,,,3558,"Valentini et al., 2004"
Apricot,San Castrese,,Italy,E,,900,,3425,"Guerriero et al., 2006"
Apricot,San Castrese,,Italy,E,788,894,,3290,"Valentini et al., 2006"
Apricot,San Castrese,,Italy,E,,880,54,2471,"Viti et al., 2010"
Apricot,San Castrese,,Spain,E,,981,56.5,2542,"Viti et al., 2010"
Apricot,S. Nicola Grosso,,Italy,E,,1140,,3350,"Guerriero et al., 2006"
Apricot,Sarritzu I,,Italy,E,,1045,,3950,"Guerriero et al., 2006"
Apricot,Selene,,Spain,E,590,1018,57.4,4078,"Ruiz et al., 2007"
Apricot,Selene,,Spain,E,705,1057,56.9,4605,"Campoy et al., 2012"
Apricot,Shakarpare,,Iran,E,862,746,,3171,"Razavi et al., 2011"
Apricot,Shamlo,,Iran,E,1130,826,,2987,"Razavi et al., 2011"
Apricot,Stark Early Orange,,Italy,E,,1411,78.9,,"Viti et al., 2010"
Apricot,Sundrop,,Serbia,E,,966,,,"Ruml et al., 2018"
Apricot,Sylred,,Serbia,E,,993,,,"Ruml et al., 2018"
Apricot,Tabarze ghermez,,Iran,E,1130,826,,2987,"Razavi et al., 2011"
Apricot,Tilton,,USA,E,1000,,,,"Brown and Kotob, 1957"
Apricot,Tirynthos,,Italy,E,,968,,2594,"Garcia et al., 1997"
Apricot,Tom Cot,,Serbia,E,,840,,,"Ruml et al., 2018"
Apricot,Tonda di Costiglione,,Italy,E,1812,,,3643,"Valentini et al., 2004"
Apricot,Tonda di Costiglione,,Italy,E,1586,1561,,3549,"Valentini et al., 2006"
Almond,A-258,,Spain,S,,,17,8725,"Díez-Palet et al., 2019"
Almond,Abiodh de Sfax,,Tunisia,S,12,-284,4.6,6206,"Benmoussa et al., 2017"
Almond,Abiodh Ras Djebel,,Tunisia,S,59,-53,15.5,7324,"Benmoussa et al., 2017"
Almond,Achaak,,Spain,E,,266,,6444,"Egea et al., 2003"
Almond,Achaak,,Tunisia,S,8,-297,3.4,8703,"Benmoussa et al., 2017"
Almond,Aï,,Spain,S,,444,,8051,"Alonso et al., 2005"
Almond,Aï,,Spain,S,169,,,,"Tabuenca et al., 1972"
Almond,Alicante,,Spain,S,,,21.7,6940,"Díez-Palet et al., 2019"
Almond,Alzina,,Spain,S,,463,,6757,"Alonso et al., 2005"
Almond,Alzina,,Spain,S,408,,,,"Tabuenca et al., 1972"
Almond,Amargo,,Spain,S,169,,,,"Tabuenca et al., 1972"
Almond,Andreu,,Spain,S,151,,,,"Tabuenca et al., 1972"
Almond,Antoñeta,,Spain,E,,514,,7512,"Egea et al., 2003"
Almond,Ardechoise,,Spain,S,,,21.8,6994,"Díez-Palet et al., 2019"
Almond,Avola,,Tunisia,S,50,46,13.6,6673,"Benmoussa et al., 2017"
Almond,Aylés,,Spain,S,,481,,7909,"Alonso et al., 2005"
Almond,Bertina,,Spain,S,,463,,8536,"Alonso et al., 2005"
Almond,Blanquerna,,Spain,S,,463,,6906,"Alonso et al., 2005"
Almond,Bonifacio,,Tunisia,S,61,101,15.8,7559,"Benmoussa et al., 2017"
Almond,Bruantine,,Tunisia,S,34,-219,10.4,8548,"Benmoussa et al., 2017"
Almond,Cambra,,Spain,S,,463,,7697,"Alonso et al., 2005"
Almond,Cavaliera,,Tunisia,S,34,-219,10.4,7042,"Benmoussa et al., 2017"
Almond,Cavaliera,,Spain,S,,,11.6,7452,"Díez-Palet et al., 2019"
Almond,Chellastone,,Spain,S,,463,,6168,"Alonso et al., 2005"
Almond,Chine,,Spain,S,151,,,,"Tabuenca et al., 1972"
Almond,Constantini,,Spain,S,,444,,5345,"Alonso et al., 2005"
Almond,Cristomorto,,Tunisia,S,83,-29,22.6,5872,"Benmoussa et al., 2017"
Almond,Cristomorto,,Spain,S,,428,,8027,"Alonso et al., 2005"
Almond,Cristomorto,,Spain,S,,,20.7,8236,"Díez-Palet et al., 2019"
Almond,Desmayo,,Spain,E,,309,,5942,"Egea et al., 2003"
Almond,Desmayo,,Spain,S,169,,,,"Tabuenca et al., 1972"
Almond,Desmayo Largueta,,Spain,S,,428,,5458,"Alonso et al., 2005"
Almond,Desmayo Largueta,,Spain,S,,,8.4,8552,"Díez-Palet et al., 2019"
Almond,Desmayo Rojo,,Spain,S,,463,,6418,"Alonso et al., 2005"
Almond,Desmayo Rojo,,Spain,S,169,,,,"Tabuenca et al., 1972"
Almond,Dorée,,Tunisia,S,46,-174,12.7,8867,"Benmoussa et al., 2017"
Almond,Drake,,Spain,S,169,,,,"Tabuenca et al., 1972"
Almond,Durán,,Spain,S,151,,,,"Tabuenca et al., 1972"
Almond,Faggoussi,,Tunisia,S,54,-148,14.5,3962,"Benmoussa et al., 2017"
Almond,Fakhfekh,,Tunisia,S,33,-219,10.4,5979,"Benmoussa et al., 2017"
Almond,Fasciuneddu,,Tunisia,S,34,-219,10.4,7027,"Benmoussa et al., 2017"
Almond,Felisia,,Spain,S,,428,,9352,"Alonso et al., 2005"
Almond,Ferraduel,,Tunisia,S,54,59,14.4,9272,"Benmoussa et al., 2017"
Almond,Ferraduel,,Spain,S,,,52.9,7285,"Díez-Palet et al., 2019"
Almond,Ferragnès,,Spain,E,,558,,7309,"Egea et al., 2003"
Almond,Ferragnès,,Tunisia,S,54,59,14.4,9215,"Benmoussa et al., 2017"
Almond,Ferragnès,,Spain,S,,444,,8051,"Alonso et al., 2005"
Almond,Ferragnès,,Spain,S,,,20.7,8696,"Díez-Palet et al., 2019"
Almond,Filippo Ceo,,Spain,S,,463,,7558,"Alonso et al., 2005"
Almond,Filippo Ceo,,Spain,S,483,,,,"Tabuenca et al., 1972"
Almond,Fourcouronne,,Spain,S,169,,,,"Tabuenca et al., 1972"
Almond,Fournat de Brézenaud,,Spain,S,169,,,,"Tabuenca et al., 1972"
Almond,Fournat de Brézenaud,,Spain,S,,416,,7367,"Alonso et al., 2005"
Almond,Fournat de Brézenaud,,Tunisia,S,79,-50,21.1,5368,"Benmoussa et al., 2017"
Almond,Gabaix,,Spain,S,,,13.4,6824,"Díez-Palet et al., 2019"
Almond,Garbí,,Spain,S,,,52.9,7040,"Díez-Palet et al., 2019"
Almond,Garnghzel,,Tunisia,S,12,-284,4.6,8703,"Benmoussa et al., 2017"
Almond,Garrigues,,Spain,S,,,22,8054,"Díez-Palet et al., 2019"
Almond,Genco Taronto,,Tunisia,S,80,194,21.4,6148,"Benmoussa et al., 2017"
Almond,Genco Taronto,,Spain,S,,,28.7,5971,"Díez-Palet et al., 2019"
Almond,Glorieta,,Spain,S,,,51.6,5654,"Díez-Palet et al., 2019"
Almond,Guara,,Spain,S,,463,,7978,"Alonso et al., 2005"
Almond,Jordi,,Spain,S,,428,,6488,"Alonso et al., 2005"
Almond,Jordi,,Spain,S,151,,,,"Tabuenca et al., 1972"
Almond,Khoukhi,,Tunisia,S,31,-227,9.9,8873,"Benmoussa et al., 2017"
Almond,Ksontini,,Tunisia,S,21,-258,7.3,7071,"Benmoussa et al., 2017"
Almond,Languedoc,,Tunisia,S,23,-174,7.7,9097,"Benmoussa et al., 2017"
Almond,Lauranne,,Spain,S,,428,,8569,"Alonso et al., 2005"
Almond,LeGrand,,Spain,S,,428,,8027,"Alonso et al., 2005"
Almond,Malagueña,,Tunisia,S,23,-82,7.6,9224,"Benmoussa et al., 2017"
Almond,Marcona,,Spain,S,169,,,,"Tabuenca et al., 1972"
Almond,Marcona,,Spain,E,,435,,6681,"Egea et al., 2003"
Almond,Marcona,,Spain,S,,428,,6603,"Alonso et al., 2005"
Almond,Marcona,,Spain,S,,,22,6378,"Díez-Palet et al., 2019"
Almond,Marta,,Spain,E,,478,,7577,"Egea et al., 2003"
Almond,Masbovera,,Spain,S,,463,,7841,"Alonso et al., 2005"
Almond,Masbovera,,Spain,S,,,28.6,6232,"Díez-Palet et al., 2019"
Almond,Mazzetto,,Tunisia,S,54,-68,14.5,9507,"Benmoussa et al., 2017"
Almond,Miagkoskorlupij,,Spain,S,,463,,7439,"Alonso et al., 2005"
Almond,Miagkoskorlupij,,Spain,S,631,,,,"Tabuenca et al., 1972"
Almond,Mollar de Tarragona,,Spain,S,,,20,6718,"Díez-Palet et al., 2019"
Almond,Moncayo,,Spain,S,,463,,8696,"Alonso et al., 2005"
Almond,Montrone,,Tunisia,S,31,-227,9.9,9694,"Benmoussa et al., 2017"
Almond,Morskoi,,Spain,S,233,,,,"Tabuenca et al., 1972"
Almond,Ne Plus Ultra,,Spain,S,169,,,,"Tabuenca et al., 1972"
Almond,Ne Plus Ultra,,Tunisia,S,50,11,13.6,6847,"Benmoussa et al., 2017"
Almond,Ne Plus Ultra,,Spain,S,,463,,6635,"Alonso et al., 2005"
Almond,Nonpareil,,Tunisia,S,83,-29,22.6,6045,"Benmoussa et al., 2017"
Almond,Nonpareil,,Spain,S,,403,,7758,"Alonso et al., 2005"
Almond,Nonpareil,,Spain,S,169,,,,"Tabuenca et al., 1972"
Almond,Nonpareil,,Spain,S,,,21.7,7062,"Díez-Palet et al., 2019"
Almond,Picantilli,,Spain,S,,428,,7386,"Alonso et al., 2005"
Almond,Picantilli,,Spain,S,561,,,,"Tabuenca et al., 1972"
Almond,Pizzuta,,Tunisia,S,83,-29,22.6,2894,"Benmoussa et al., 2017"
Almond,Ponç,,Spain,S,,428,,6210,"Alonso et al., 2005"
Almond,Ponç,,Spain,S,101,,,,"Tabuenca et al., 1972"
Almond,Poleta,,Spain,S,151,,,,"Tabuenca et al., 1972"
Almond,Pou de Felanitz,,Spain,S,,392,,5419,"Alonso et al., 2005"
Almond,Pou de Felanitz,,Spain,S,101,,,,"Tabuenca et al., 1972"
Almond,Princesa,,Spain,S,169,,,,"Tabuenca et al., 1972"
Almond,Primorskij,,Spain,S,,428,,8434,"Alonso et al., 2005"
Almond,Primorskij,,Spain,S,,,52.85,10201,"Díez-Palet et al., 2019"
Almond,R1000,,Spain,E,,996,,7438,"Egea et al., 2003"
Almond,Rachele,,Spain,S,233,,,,"Tabuenca et al., 1972"
Almond,Rachele,,Spain,S,,376,,8302,"Alonso et al., 2005"
Almond,Rachele,,Tunisia,S,47,-167,13.3,6374,"Benmoussa et al., 2017"
Almond,Ramillete,,Spain,S,,444,,5947,"Alonso et al., 2005"
Almond,Ramillete,,Spain,E,,326,,6538,"Egea et al., 2003"
Almond,Ramillete,,Spain,S,,,20.7,6998,"Díez-Palet et al., 2019"
Almond,Ramlet R249,,Tunisia,S,33,18,10.3,6812,"Benmoussa et al., 2017"
Almond,Ramlet R250,,Tunisia,S,19,-266,6.7,6812,"Benmoussa et al., 2017"
Almond,Rana,,Spain,S,,,20,6518,"Díez-Palet et al., 2019"
Almond,Rof,,Spain,S,,463,,6418,"Alonso et al., 2005"
Almond,Rof,,Spain,S,169,,,,"Tabuenca et al., 1972"
Almond,Rof,,Spain,S,,,20.8,6965,"Díez-Palet et al., 2019"
Almond,Rotjet,,Spain,S,151,,,,"Tabuenca et al., 1972"
Almond,S2332,,Spain,E,,417,,6481,"Egea et al., 2003"
Almond,S5133,,Spain,E,,973,,7003,"Egea et al., 2003"
Almond,Sicilia,,Spain,S,151,,,,"Tabuenca et al., 1972"
Almond,Soukaret,,Tunisia,S,77,-57,20.6,5960,"Benmoussa et al., 2017"
Almond,Tardive de la Verdière,,Spain,S,,358,,8814,"Alonso et al., 2005"
Almond,Tardy Nonpareil,,Spain,S,,,55.4,9444,"Díez-Palet et al., 2019"
Almond,Tarragona,,Tunisia,S,83,-29,22.6,5830,"Benmoussa et al., 2017"
Almond,Tarragones,,Spain,S,,,51.6,6370,"Díez-Palet et al., 2019"
Almond,Tamarite 2,,Spain,S,169,,,,"Tabuenca et al., 1972"
Almond,Texas,,Spain,S,,463,,7697,"Alonso et al., 2005"
Almond,Texas,,Spain,S,233,,,,"Tabuenca et al., 1972"
Almond,Texas,,Spain,S,,,51.6,6280,"Díez-Palet et al., 2019"
Almond,Thompson,,Spain,S,,463,,7697,"Alonso et al., 2005"
Almond,Titan,,Spain,S,,444,,8457,"Alonso et al., 2005"
Almond,Tokyo,,Spain,S,,463,,7558,"Alonso et al., 2005"
Almond,Totsol,,Spain,S,,428,,6943,"Alonso et al., 2005"
Almond,Totsol,,Spain,S,101,,,,"Tabuenca et al., 1972"
Almond,Tozeur 1,,Tunisia,S,12,-284,4.6,8124,"Benmoussa et al., 2017"
Almond,Tozeur 2,,Tunisia,S,33,-219,10.4,6309,"Benmoussa et al., 2017"
Almond,Tozeur 4,,Tunisia,S,12,-284,4.6,6698,"Benmoussa et al., 2017"
Almond,Trell,,Tunisia,S,77,-57,20.6,6003,"Benmoussa et al., 2017"
Almond,Trell,,Spain,S,233,,,,"Tabuenca et al., 1972"
Almond,Tuono Taronto,,Spain,S,,463,,7978,"Alonso et al., 2005"
Almond,Tuono Taronto,,Tunisia,S,50,46,13.6,6148,"Benmoussa et al., 2017"
Almond,Tuono Taronto,,Spain,S,,,52.9,6870,"Díez-Palet et al., 2019"
Almond,Verdereta,,Spain,S,,416,,6606,"Alonso et al., 2005"
Almond,Verdereta,,Spain,S,101,,,,"Tabuenca et al., 1972"
Almond,Verdiere,,Spain,S,169,,,,"Tabuenca et al., 1972"
Almond,Vinagrilla,,Spain,S,408,,,,"Tabuenca et al., 1972"
Almond,Vivot,,Spain,S,,428,,6603,"Alonso et al., 2005"
Almond,Vivot,,Spain,S,151,,,,"Tabuenca et al., 1972"
Almond,Xina,,Spain,S,,403,,5815,"Alonso et al., 2005"
Almond,Yaltano,,Spain,S,713,,,,"Tabuenca et al., 1972"
Almond,Yaltinskij,,Spain,S,,463,,8536,"Alonso et al., 2005"
Almond,Zahaf,,Tunisia,S,31,-227,9.9,6279,"Benmoussa et al., 2017"
Almond,Zahaf,,Spain,S,,392,,5611,"Alonso et al., 2005"
Almond,Lauranne,,Zaragoza,E,320,368,18.6,,"Delgado et al., 2025"
Almond,Lauranne,,Zaragoza,E,282,408,20.8,7171,"Delgado et al., 2025"
Almond,Lauranne,,Santomera,E,145,422,31.3,4660,"Delgado et al., 2025"
Almond,Lauranne,,Santomera,E,314,576,37,5751,"Delgado et al., 2025"
Almond,Lauranne,,Meknes,E,412,634,31.5,7055,"Delgado et al., 2025"
Almond,Lauranne,,Meknes,E,312,463,25.1,12093,"Delgado et al., 2025"
Almond,Marcona,,Zaragoza,E,276,277,14.6,5440,"Delgado et al., 2025"
Almond,Marcona,,Zaragoza,E,51,78,7,7164,"Delgado et al., 2025"
Almond,Marcona,,Santomera,E,22,221,19.1,7078,"Delgado et al., 2025"
Almond,Marcona,,Santomera,E,18,97,13,8397,"Delgado et al., 2025"
Almond,Marcona,,Meknes,E,51,149,8.1,8811,"Delgado et al., 2025"
Almond,Marcona,,Meknes,E,191,294,16,10967,"Delgado et al., 2025"
Almond,Soleta,,Zaragoza,E,266,262,14.6,,"Delgado et al., 2025"
Almond,Soleta,,Zaragoza,E,145,242,13.6,7113,"Delgado et al., 2025"
Almond,Soleta,,Santomera,E,145,422,31.3,5483,"Delgado et al., 2025"
Almond,Soleta,,Santomera,E,160,296,24.1,7088,"Delgado et al., 2025"
Almond,Soleta,,Meknes,E,252,469,24.4,7836,"Delgado et al., 2025"
Almond,Soleta,,Meknes,E,312,463,25.1,12660,"Delgado et al., 2025"
Apricot,Farbaly,,Jumilla,E,622,926,50.6,4873,"Delgado et al., 2025"
Apricot,Farbaly,,Jumilla,E,778,1016,59,4206,"Delgado et al., 2025"
Apricot,Farbaly,,Meknes,E,576,1006,49.5,8138,"Delgado et al., 2025"
Apricot,Farbaly,,Meknes,E,766,946,57.1,6165,"Delgado et al., 2025"
Apricot,Mediabel,,Jumilla,E,732,1053,58.3,3764,"Delgado et al., 2025"
Apricot,Mediabel,,Jumilla,E,719,937,55.5,4925,"Delgado et al., 2025"
Apricot,Mediabel,,Meknes,E,548,893,43,7110,"Delgado et al., 2025"
Apricot,Mediabel,,Meknes,E,667,849,47,7548,"Delgado et al., 2025"
Apricot,Soledane,,Cieza,E,544,869,50.3,4304,"Delgado et al., 2025"
Apricot,Soledane,,Cieza,E,580,869,48.2,7901,"Delgado et al., 2025"
Apricot,Soledane,,Ain Taoujdate,E,450,746,35.7,5027,"Delgado et al., 2025"
Apricot,Soledane,,Ain Taoujdate,E,511,681,37,8155,"Delgado et al., 2025"
Apricot,Soledane,,Meknes,E,443,716,37,5988,"Delgado et al., 2025"
Apricot,Soledane,,Meknes,E,511,681,37,7036,"Delgado et al., 2025"
Japanese Plum,Angeleno,,Zaragoza,E,295,603,29.4,6646,"Delgado et al., 2025"
Japanese Plum,Angeleno,,Zaragoza,E,384,612,32.4,8450,"Delgado et al., 2025"
Japanese Plum,Angeleno,,Zaragoza,E,290,382,27.7,7096,"Delgado et al., 2025"
Japanese Plum,Angeleno,,Guadajira,E,471,684,43.2,7644,"Delgado et al., 2025"
Japanese Plum,Angeleno,,Guadajira,E,286,505,30.7,7800,"Delgado et al., 2025"
Japanese Plum,Angeleno,,Cieza,E,643,763,40.3,4064,"Delgado et al., 2025"
Japanese Plum,Angeleno,,Cieza,E,544,869,50.3,5711,"Delgado et al., 2025"
Japanese Plum,Angeleno,,Cieza,E,574,833,47.2,5823,"Delgado et al., 2025"
Japanese Plum,Angeleno,,Medjez El Bab,E,613,823,51,3276,"Delgado et al., 2025"
Japanese Plum,Angeleno,,Medjez El Bab,E,435,371,34,7683,"Delgado et al., 2025"
Japanese Plum,Angeleno,,Meknes,E,483,829,43,4353,"Delgado et al., 2025"
Japanese Plum,Angeleno,,Meknes,E,535,727,39.9,9626,"Delgado et al., 2025"
Japanese Plum,Black Amber,,Zaragoza,E,448,795,39,5715,"Delgado et al., 2025"
Japanese Plum,Black Amber,,Zaragoza,E,378,600,31.3,7067,"Delgado et al., 2025"
Japanese Plum,Black Amber,,Zaragoza,E,509,695,41.5,5683,"Delgado et al., 2025"
Japanese Plum,Black Amber,,Guadajira,E,469,671,42.2,7590,"Delgado et al., 2025"
Japanese Plum,Black Amber,,Guadajira,E,614,707,42.6,7466,"Delgado et al., 2025"
Japanese Plum,Black Amber,,Cieza,E,648,1003,57.5,3825,"Delgado et al., 2025"
Japanese Plum,Black Amber,,Cieza,E,574,833,47.2,4504,"Delgado et al., 2025"
Japanese Plum,Black Amber,,Cieza,E,643,767,45.7,4924,"Delgado et al., 2025"
Japanese Plum,Black Amber,,Meknes,E,422,615,33.1,9945,"Delgado et al., 2025"
Japanese Plum,Black Gold,,Caspe,E,338,369,21.1,7140,"Delgado et al., 2025"
Japanese Plum,Black Gold,,Caspe,E,165,383,20.5,7282,"Delgado et al., 2025"
Japanese Plum,Black Gold,,Caspe,E,539,826,40.2,4503,"Delgado et al., 2025"
Japanese Plum,Black Gold,,Cieza,E,479,814,47.5,5187,"Delgado et al., 2025"
Japanese Plum,Black Gold,,Cieza,E,688,1017,56.6,6791,"Delgado et al., 2025"
Japanese Plum,Black Gold,,Medjez El Bab,E,534,752,46,3845,"Delgado et al., 2025"
Japanese Plum,Black Gold,,Medjez El Bab,E,378,265,30,6544,"Delgado et al., 2025"
Japanese Plum,Fortune,,Zaragoza,E,295,603,29.4,6646,"Delgado et al., 2025"
Japanese Plum,Fortune,,Zaragoza,E,384,612,32.4,6929,"Delgado et al., 2025"
Japanese Plum,Fortune,,Zaragoza,E,397,532,34.6,6359,"Delgado et al., 2025"
Japanese Plum,Fortune,,Guadajira,E,471,676,43.2,7400,"Delgado et al., 2025"
Japanese Plum,Fortune,,Guadajira,E,532,681,39.7,7553,"Delgado et al., 2025"
Japanese Plum,Fortune,,Cieza,E,590,933,53.1,4535,"Delgado et al., 2025"
Japanese Plum,Fortune,,Cieza,E,637,942,52.8,4179,"Delgado et al., 2025"
Japanese Plum,Fortune,,Meknes,E,522,711,38.6,8134,"Delgado et al., 2025"
Japanese Plum,Red Beaut,,Zaragoza,E,399,626,33.3,6831,"Delgado et al., 2025"
Japanese Plum,Red Beaut,,Zaragoza,E,290,382,27.7,6860,"Delgado et al., 2025"
Japanese Plum,Red Beaut,,Guadajira,E,439,649,41,7064,"Delgado et al., 2025"
Japanese Plum,Red Beaut,,Guadajira,E,427,606,36,6449,"Delgado et al., 2025"
Japanese Plum,Red Beaut,,Cieza,E,497,662,32.4,6226,"Delgado et al., 2025"
Japanese Plum,Red Beaut,,Cieza,E,337,586,35.5,5613,"Delgado et al., 2025"
Japanese Plum,Red Beaut,,Cieza,E,346,532,32.8,5007,"Delgado et al., 2025"
Japanese Plum,Red Beaut,,Archena,E,339,631,33.5,6666,"Delgado et al., 2025"
Japanese Plum,Red Beaut,,Archena,E,268,618,44.7,6876,"Delgado et al., 2025"
Japanese Plum,Red Beaut,,Archena,E,322,603,37.4,6660,"Delgado et al., 2025"
Japanese Plum,Red Beaut,,Medjez El Bab,E,673,896,53,3648,"Delgado et al., 2025"
Japanese Plum,Red Beaut,,Medjez El Bab,E,556,441,37,4984,"Delgado et al., 2025"
Japanese Plum,Sungold,,Zaragoza,E,385,731,36,5955,"Delgado et al., 2025"
Japanese Plum,Sungold,,Zaragoza,E,668,875,44.5,6867,"Delgado et al., 2025"
Japanese Plum,Sungold,,Guadajira,E,471,699,44.2,7297,"Delgado et al., 2025"
Japanese Plum,Sungold,,Guadajira,E,573,695,40.7,7723,"Delgado et al., 2025"
Japanese Plum,Sungold,,Medjez El Bab,E,831,1117,65,4855,"Delgado et al., 2025"
Japanese Plum,Sungold,,Medjez El Bab,E,610,499,42,5874,"Delgado et al., 2025"
Sweet Cherry,Burlat,,Zaragoza,E,853,993,42.2,8814,"Delgado et al., 2025"
Sweet Cherry,Burlat,,Zaragoza,E,608,837,39.9,8267,"Delgado et al., 2025"
Sweet Cherry,Burlat,,Imouzzar-Kandar,E,575,737,44.1,9638,"Delgado et al., 2025"
Sweet Cherry,Burlat,,Imouzzar-Kandar,E,383,369,32.4,9932,"Delgado et al., 2025"
Sweet Cherry,Kordia,,Zaragoza,E,553,892,43.9,8708,"Delgado et al., 2025"
Sweet Cherry,Kordia,,Imouzzar-Kandar,E,625,791,47.3,14921,"Delgado et al., 2025"
Sweet Cherry,Kordia,,Imouzzar-Kandar,E,383,369,32.4,12104,"Delgado et al., 2025"
Sweet Cherry,Lapins,,Zaragoza,E,748,1121,52.8,9102,"Delgado et al., 2025"
Sweet Cherry,Lapins,,Imouzzar-Kandar,E,407,553,32.6,12521,"Delgado et al., 2025"
Sweet Cherry,Lapins,,Imouzzar-Kandar,E,251,200,23.8,9832,"Delgado et al., 2025"
Sweet Cherry,Napoleon,,Zaragoza,E,1048,1202,51.3,7925,"Delgado et al., 2025"
Sweet Cherry,Napoleon,,Zaragoza,E,880,1102,53.1,9102,"Delgado et al., 2025"
Sweet Cherry,Napoleon,,Azrou,E,432,590,34.6,14300,"Delgado et al., 2025"
Sweet Cherry,Napoleon,,Azrou,E,505,512,40.3,10948,"Delgado et al., 2025"
Sweet Cherry,Van,,Zaragoza,E,995,1136,47.7,8834,"Delgado et al., 2025"
Sweet Cherry,Van,,Zaragoza,E,795,1003,48.8,8969,"Delgado et al., 2025"
Sweet Cherry,Van,,Azrou,E,432,590,34.6,14300,"Delgado et al., 2025"
Sweet Cherry,Van,,Azrou,E,505,513,40.3,12981,"Delgado et al., 2025"
Sweet Cherry,Symphony,,Spain,E,445,685,37.6,9992,"Santolaria et al., 2026"
Sweet Cherry,Sandon Rose,,Spain,E,494,752,40.5,9005,"Santolaria et al., 2026"
Sweet Cherry,Cashmere,,Spain,E,512,788,41.5,9866,"Santolaria et al., 2026"
Sweet Cherry,Coral Champagne,,Spain,E,510,782,42,8480,"Santolaria et al., 2026"
Sweet Cherry,Tieton,,Spain,E,546,821,43.9,9111,"Santolaria et al., 2026"
Sweet Cherry,Cowiche,,Spain,E,571,856,45.2,9474,"Santolaria et al., 2026"
Sweet Cherry,Sequoia,,Spain,E,630,930,47.4,8169,"Santolaria et al., 2026"
Sweet Cherry,Chelan,,Spain,E,632,941,48.2,8254,"Santolaria et al., 2026"
Sweet Cherry,Index,,Spain,E,672,1006,50.9,7095,"Santolaria et al., 2026"
Sweet Cherry,Van,,Spain,E,672,1007,51.5,8359,"Santolaria et al., 2026"
Sweet Cherry,Bing,,Spain,E,708,1036,52.5,8572,"Santolaria et al., 2026"
Sweet Cherry,Sumele,,Spain,E,720,1057,53.4,8460,"Santolaria et al., 2026"
Sweet Cherry,Staccato,,Spain,E,746,1084,54.2,8706,"Santolaria et al., 2026"
Sweet Cherry,Sonata,,Spain,E,759,1104,55.2,8585,"Santolaria et al., 2026"
Sweet Cherry,Sweetheart,,Spain,E,774,1112,55.3,8501,"Santolaria et al., 2026"
Sweet Cherry,Sandra Rose,,Spain,E,816,1186,59.5,8489,"Santolaria et al., 2026"
Sweet Cherry,Sunburst,,Spain,E,866,1234,60.9,8535,"Santolaria et al., 2026"
Sweet Cherry,Cristalina,,Spain,E,854,1238,61.4,8658,"Santolaria et al., 2026"
Sweet Cherry,Selah,,Spain,E,874,1259,62.6,8277,"Santolaria et al., 2026"
Sweet Cherry,Hartland,,Spain,E,898,1264,62.8,7837,"Santolaria et al., 2026"
Sweet Cherry,Skeena,,Spain,E,914,1298,64.9,7491,"Santolaria et al., 2026"
Sweet Cherry,Sentennial,,Spain,E,934,1330,66.6,7707,"Santolaria et al., 2026"
Sweet Cherry,Chinook,,Spain,S,833,784,55.1,5663,"Fadón et al., 2021"
Sweet Cherry,Sandom Rose,,Spain,S,779,895,51.6,4994,"Fadón et al., 2021"
Sweet Cherry,Rainier,,Spain,S,950,1067,61.3,5774,"Fadón et al., 2021"
Sweet Cherry,Lapins,,Spain,S,938,1084,60.4,5653,"Fadón et al., 2021"
Sweet Cherry,Corum,,Spain,S,833,784,55.1,5809,"Fadón et al., 2021"
Sweet Cherry,Bing,,Spain,S,939,1053,60.6,5967,"Fadón et al., 2021"
Sweet Cherry,Vega,,Spain,S,819,769,54.3,6187,"Fadón et al., 2021"
Sweet Cherry,Early Van Compact,,Spain,S,781,728,52.2,6143,"Fadón et al., 2021"
Sweet Cherry,Van Spur,,Spain,S,831,933,54.5,5725,"Fadón et al., 2021"
Sweet Cherry,Santina,,Spain,S,917,1150,57,5664,"Fadón et al., 2021"
Sweet Cherry,Larian,,Spain,S,779,876,51.5,6040,"Fadón et al., 2021"
Sweet Cherry,Van,,Spain,S,982,1141,63.2,6338,"Fadón et al., 2021"
Sweet Cherry,Sue,,Spain,S,952,918,61.6,6646,"Fadón et al., 2021"
Sweet Cherry,Gil Peck,,Spain,S,876,831,57.1,6621,"Fadón et al., 2021"
Sweet Cherry,Compact Stella,,Spain,S,985,961,63.8,6563,"Fadón et al., 2021"
Sweet Cherry,Vic,,Spain,S,941,904,60.9,6843,"Fadón et al., 2021"
Sweet Cherry,Sunburst,,Spain,S,816,949,54,6364,"Fadón et al., 2021"
Sweet Cherry,Summit,,Spain,S,952,918,61.6,6986,"Fadón et al., 2021"
Sweet Cherry,Lambert,,Spain,S,876,831,57.1,7315,"Fadón et al., 2021"
Sweet Cherry,Sam,,Spain,S,1008,1045,65.2,7266,"Fadón et al., 2021"
Pear,Alexandrine Douillard,,Zaragoza,S,753,1027,47.5,7287,"Fadón et al., 2024"
Pear,Beurré d´Anjou,,Zaragoza,S,745,1100,47.7,6619,"Fadón et al., 2024"
Pear,Conference,,Zaragoza,S,745,1113,46.5,7347,"Fadón et al., 2024"
Pear,El Dorado,,Zaragoza,S,753,1163,47.5,7094,"Fadón et al., 2024"
Pear,Général Leclerc,,Zaragoza,S,753,1028,47.5,7107,"Fadón et al., 2024"
Pear,Grand Champion,,Zaragoza,S,745,1028,46.5,7168,"Fadón et al., 2024"
Pear,Highland,,Zaragoza,S,745,1113,46.5,7402,"Fadón et al., 2024"
Pear,Magness,,Zaragoza,S,719,1113,43.9,7509,"Fadón et al., 2024"
Pear,Packham´s Triumph,,Zaragoza,S,753,1163,47.5,6997,"Fadón et al., 2024"
Pear,Passe Crassane,,Zaragoza,S,774,1100,49.2,6514,"Fadón et al., 2024"
Pear,Pierre Corneille,,Zaragoza,S,753,1099,47.5,6519,"Fadón et al., 2024"
Pear,Président Drouard,,Zaragoza,S,760,1113,48.5,7289,"Fadón et al., 2024"
Pear,Président Heron,,Zaragoza,S,760,1163,48.5,6935,"Fadón et al., 2024"
Pear,Rogue Red,,Zaragoza,S,760,1028,48.5,7170,"Fadón et al., 2024"
Pear,Sirrine,,Zaragoza,S,757,1163,48,7075,"Fadón et al., 2024"
Pear,Star,,Zaragoza,S,757,1100,48,6573,"Fadón et al., 2024"
